"Activity","Media_Acc_X","Mediana_Acc_X","Desv_Acc_X","Min_Acc_X","Max_Acc_X"
"WALKING",0.276336875325203,0.274655465,0.0494583570809644,0.12146517,0.43325583
"WALKING_UPSTAIRS",0.26229464948342,0.266150175,0.075895064569851,-0.061041328,0.48018027
"WALKING_DOWNSTAIRS",0.288137227760313,0.28497407,0.0910020762579827,-0.16108761,0.61759696
"SITTING",0.273059614418965,0.27728392,0.0413437916147914,-0.41265906,0.55913494
"STANDING",0.279153494050367,0.277544415,0.0192149953514229,0.11123126,0.6315101
"LAYING",0.268648643296245,0.27681173,0.0962966575668229,-1,1
